GaugeID,Latitude,Longitude
INDOFLOODS-gauge-394,12.18,77.73
INDOFLOODS-gauge-118,26.5833,86.1481
INDOFLOODS-gauge-119,26.2333,86.2594
INDOFLOODS-gauge-121,26.7228,85.3231
INDOFLOODS-gauge-560,21.2994,76.235
INDOFLOODS-gauge-571,20.7947,79.6478
INDOFLOODS-gauge-361,12.4167,77.1925
INDOFLOODS-gauge-964,28.7667,78.1417
INDOFLOODS-gauge-120,25.8478,87.8031
INDOFLOODS-gauge-364,12.8844,75.0431
INDOFLOODS-gauge-955,28.8267,78.7981
INDOFLOODS-gauge-349,14.4344,74.5861
INDOFLOODS-gauge-117,26.3792,84.7317
INDOFLOODS-gauge-960,27.4042,79.625
INDOFLOODS-gauge-429,9.22,76.71
INDOFLOODS-gauge-957,26.4694,80.3764
INDOFLOODS-gauge-427,9.4036,76.6503
INDOFLOODS-gauge-396,13.2942,74.9808
INDOFLOODS-gauge-29,15.9483,77.4264
INDOFLOODS-gauge-130,19.1081,82.0228
INDOFLOODS-gauge-948,26.9347,80.0361
INDOFLOODS-gauge-115,26.1453,85.6922
INDOFLOODS-gauge-164,28.6625,77.2467
INDOFLOODS-gauge-953,27.9319,78.8606
INDOFLOODS-gauge-113,25.5006,86.75
INDOFLOODS-gauge-966,25.4833,80.3133
INDOFLOODS-gauge-1059,26.5628,88.7583
INDOFLOODS-gauge-85,18.3133,83.8842
INDOFLOODS-gauge-397,16.19,74.7914
INDOFLOODS-gauge-739,21.2111,86.1206
INDOFLOODS-gauge-125,26.4089,85.8597
INDOFLOODS-gauge-114,26.7153,84.9586
INDOFLOODS-gauge-372,12.9303,74.9531
INDOFLOODS-gauge-124,26.0333,85.9
INDOFLOODS-gauge-679,19.0439,77.4556
INDOFLOODS-gauge-958,27.4958,79.6972
INDOFLOODS-gauge-643,16.6753,74.5736
INDOFLOODS-gauge-32,15.8833,77.9572
INDOFLOODS-gauge-650,20.9358,76.4756
INDOFLOODS-gauge-532,23.1683,75.7711
INDOFLOODS-gauge-472,22.7561,77.7328
INDOFLOODS-gauge-503,26.6656,77.9667
INDOFLOODS-gauge-636,20.8742,76.9897
INDOFLOODS-gauge-707,21.55,86.92
INDOFLOODS-gauge-562,20.8742,76.9897
INDOFLOODS-gauge-440,9.0728,76.7611
INDOFLOODS-gauge-768,18.8483,83.8731
INDOFLOODS-gauge-815,25.3833,76.3339
INDOFLOODS-gauge-482,25.8633,76.5767
INDOFLOODS-gauge-116,26.1167,85.8589
INDOFLOODS-gauge-976,29.3847,77.1556
INDOFLOODS-gauge-1050,26.3089,89.6756
INDOFLOODS-gauge-509,24.83,78.08
INDOFLOODS-gauge-1078,23.2247,88.3742
INDOFLOODS-gauge-852,8.3053,77.1856
INDOFLOODS-gauge-417,10.85,76.02
INDOFLOODS-gauge-609,19.81,79.38
INDOFLOODS-gauge-612,17.4131,75.8478
INDOFLOODS-gauge-369,14.8306,75.6744
INDOFLOODS-gauge-715,19.5167,84.8833
INDOFLOODS-gauge-319,12.5172,77.4369
INDOFLOODS-gauge-858,10.0011,77.485
INDOFLOODS-gauge-939,18.2167,77.9406
INDOFLOODS-gauge-981,25.95,80.1478
INDOFLOODS-gauge-997,30.1008,78.3039
INDOFLOODS-gauge-355,12.9528,75.7856
INDOFLOODS-gauge-946,27.01,79.98
INDOFLOODS-gauge-970,25.9796,80.1289
INDOFLOODS-gauge-962,28.1911,78.4
INDOFLOODS-gauge-977,26.75,78.9833
INDOFLOODS-gauge-678,16.6836,74.6031
INDOFLOODS-gauge-724,19.0833,83.8056
INDOFLOODS-gauge-759,20.8897,86.0142
INDOFLOODS-gauge-879,12.6842,78.5394
INDOFLOODS-gauge-526,23.0308,79.0156
INDOFLOODS-gauge-640,18.4739,74.5764
INDOFLOODS-gauge-681,16.855,74.4967
INDOFLOODS-gauge-1003,29.98,78.19
INDOFLOODS-gauge-589,16.7808,74.6333
INDOFLOODS-gauge-412,9.9906,76.6322
INDOFLOODS-gauge-428,9.6756,76.6056
INDOFLOODS-gauge-370,14.03,75.29
INDOFLOODS-gauge-1085,22.8381,87.9031
INDOFLOODS-gauge-781,26.0,76.6667
INDOFLOODS-gauge-208,20.2028,73.2811
INDOFLOODS-gauge-846,11.2878,76.8911
INDOFLOODS-gauge-308,22.8156,86.2161
INDOFLOODS-gauge-438,9.3325,76.6631
INDOFLOODS-gauge-1086,26.7292,89.3236
INDOFLOODS-gauge-388,16.1833,76.1833
INDOFLOODS-gauge-830,11.0811,77.8903
INDOFLOODS-gauge-861,9.5531,78.5861
INDOFLOODS-gauge-512,23.4806,75.6364
INDOFLOODS-gauge-196,21.885,73.6544
INDOFLOODS-gauge-1056,23.65,88.14
INDOFLOODS-gauge-727,22.2197,86.7167
INDOFLOODS-gauge-431,10.8992,76.1972
INDOFLOODS-gauge-603,17.5342,75.885
INDOFLOODS-gauge-363,17.2031,77.1572
INDOFLOODS-gauge-300,29.6956,77.1428
INDOFLOODS-gauge-959,26.0583,81.0208
INDOFLOODS-gauge-346,13.5214,74.88
INDOFLOODS-gauge-324,13.9269,75.585
INDOFLOODS-gauge-872,10.9433,78.435
INDOFLOODS-gauge-979,26.2,79.7
INDOFLOODS-gauge-642,17.9722,75.1392
INDOFLOODS-gauge-884,11.4778,77.7
INDOFLOODS-gauge-682,17.9114,75.0075
INDOFLOODS-gauge-123,27.4417,83.9167
INDOFLOODS-gauge-916,17.75,77.9283
INDOFLOODS-gauge-420,10.1833,76.5
INDOFLOODS-gauge-654,17.2722,74.165
INDOFLOODS-gauge-318,13.5811,74.8536
INDOFLOODS-gauge-968,26.4272,79.4181
INDOFLOODS-gauge-967,25.8071,79.4085
INDOFLOODS-gauge-511,23.1333,75.5147
INDOFLOODS-gauge-731,21.7678,87.1642
INDOFLOODS-gauge-423,8.715,76.85
INDOFLOODS-gauge-817,24.4297,76.6039
INDOFLOODS-gauge-1076,24.0911,88.2431
INDOFLOODS-gauge-403,11.625,75.7844
INDOFLOODS-gauge-1095,23.6167,87.7008
INDOFLOODS-gauge-646,18.5192,73.1564
INDOFLOODS-gauge-1018,26.3325,88.8636
INDOFLOODS-gauge-391,16.7375,77.1253
INDOFLOODS-gauge-635,19.8783,74.4819
INDOFLOODS-gauge-789,26.2725,77.2753
INDOFLOODS-gauge-952,26.6517,80.7942
INDOFLOODS-gauge-1013,26.3253,89.2356
INDOFLOODS-gauge-890,8.16,77.4575
INDOFLOODS-gauge-395,16.5639,74.5275
INDOFLOODS-gauge-338,16.3822,77.3572
INDOFLOODS-gauge-1004,30.2556,79.2211
INDOFLOODS-gauge-414,11.0569,76.0394
INDOFLOODS-gauge-998,30.2258,78.7756
INDOFLOODS-gauge-97,18.2,82.65
INDOFLOODS-gauge-481,25.6833,76.4833
INDOFLOODS-gauge-1100,23.65,88.14
INDOFLOODS-gauge-1006,30.5669,79.5525
INDOFLOODS-gauge-956,26.8611,80.9464
INDOFLOODS-gauge-836,8.7144,77.835
INDOFLOODS-gauge-407,12.4792,75.1472
INDOFLOODS-gauge-896,11.5728,76.9192
INDOFLOODS-gauge-917,16.2592,77.8411
INDOFLOODS-gauge-506,24.6411,79.2833
INDOFLOODS-gauge-925,17.6681,80.8772
INDOFLOODS-gauge-833,11.49,76.83
INDOFLOODS-gauge-926,17.2544,77.4628
INDOFLOODS-gauge-415,11.2394,76.0233
INDOFLOODS-gauge-684,17.2944,74.1903
INDOFLOODS-gauge-430,10.2814,76.3153
INDOFLOODS-gauge-162,20.2703,72.9869
INDOFLOODS-gauge-790,25.3853,76.1519
INDOFLOODS-gauge-303,30.4253,77.5919
INDOFLOODS-gauge-411,9.845,76.4667
INDOFLOODS-gauge-950,28.2992,79.3667
INDOFLOODS-gauge-1010,26.46,89.86
INDOFLOODS-gauge-376,16.4911,76.9231
INDOFLOODS-gauge-885,9.3239,77.9903
INDOFLOODS-gauge-1020,22.8381,87.9031
INDOFLOODS-gauge-175,23.0542,73.7167
INDOFLOODS-gauge-814,24.4939,72.7917
INDOFLOODS-gauge-775,24.8667,74.6356
INDOFLOODS-gauge-898,12.555,78.1386
INDOFLOODS-gauge-243,23.3064,73.8261
INDOFLOODS-gauge-665,20.99,76.73
INDOFLOODS-gauge-544,22.5992,80.3639
INDOFLOODS-gauge-786,23.6275,74.5453
INDOFLOODS-gauge-944,24.0789,91.5919
INDOFLOODS-gauge-422,9.03,76.92
INDOFLOODS-gauge-1084,23.3553,88.6061
INDOFLOODS-gauge-406,11.13,76.68
INDOFLOODS-gauge-421,10.43,76.24
INDOFLOODS-gauge-596,17.0692,73.45
INDOFLOODS-gauge-1005,30.3308,78.4883
INDOFLOODS-gauge-844,10.8808,77.9847
INDOFLOODS-gauge-645,20.0019,73.8033
INDOFLOODS-gauge-961,27.1911,80.8
INDOFLOODS-gauge-446,10.78,76.575
INDOFLOODS-gauge-943,18.6203,79.8042
INDOFLOODS-gauge-585,20.1006,73.2706
INDOFLOODS-gauge-617,21.0719,75.9461
INDOFLOODS-gauge-922,17.8372,80.8861
INDOFLOODS-gauge-1042,26.3253,89.2356
INDOFLOODS-gauge-31,17.5731,81.25
INDOFLOODS-gauge-551,23.7233,75.3469
INDOFLOODS-gauge-648,18.7367,73.1108
INDOFLOODS-gauge-367,13.7,75.64
INDOFLOODS-gauge-913,16.0869,78.8967
INDOFLOODS-gauge-426,9.53,76.91
INDOFLOODS-gauge-404,11.26,76.24
INDOFLOODS-gauge-445,10.04,76.62
INDOFLOODS-gauge-787,25.2506,75.035
INDOFLOODS-gauge-434,9.36,76.84
INDOFLOODS-gauge-19,16.9383,81.7825
INDOFLOODS-gauge-485,22.28,76.47
INDOFLOODS-gauge-180,21.2,72.82
INDOFLOODS-gauge-602,18.0922,73.4603
INDOFLOODS-gauge-705,21.29,85.03
INDOFLOODS-gauge-668,19.1622,73.2544
INDOFLOODS-gauge-656,16.95,74.53
INDOFLOODS-gauge-345,17.2864,75.6372
INDOFLOODS-gauge-329,17.1703,76.3283
INDOFLOODS-gauge-399,11.32,76.2
INDOFLOODS-gauge-694,20.9156,86.2747
INDOFLOODS-gauge-889,11.0317,77.8875
INDOFLOODS-gauge-734,20.475,85.775
INDOFLOODS-gauge-1074,24.0031,88.1375
INDOFLOODS-gauge-441,11.9814,75.5875
INDOFLOODS-gauge-1012,26.47,89.79
INDOFLOODS-gauge-294,20.2028,73.2811
INDOFLOODS-gauge-832,10.95,76.79
INDOFLOODS-gauge-626,18.07,75.12
INDOFLOODS-gauge-877,11.8,77.8
