shelter_id,name,latitude,longitude,address,area,district,state,capacity,current_occupancy,operational_status,accessibility,shelter_type,contact,source,last_updated,data_status,verification_note
HYD-S-001,GHMC Shelter for Urban Homeless (Men),17.4445,78.463,,Begumpet,,Telangana,,,UNKNOWN,UNKNOWN,Homeless shelter,,Public local listing; facility status must be verified with GHMC,2026-10-06,PUBLIC_UNVERIFIED,Not confirmed as an emergency flood shelter; do not present as flood-safe until officially verified.
HYD-S-002,GHMC Shelter for Urban Homeless,17.3594,78.5528,,Saroornagar / Kothapet,,Telangana,,,UNKNOWN,UNKNOWN,Homeless shelter,,Public local listing; facility status must be verified with GHMC,2026-10-06,PUBLIC_UNVERIFIED,Not confirmed as an emergency flood shelter; do not present as flood-safe until officially verified.
HYD-S-003,GHMC Community Hall,17.4847,78.393,,"KPHB Phase 6, Kukatpally",,Telangana,,,UNKNOWN,UNKNOWN,Community hall,,Public local listing; facility status must be verified with GHMC,2026-10-06,PUBLIC_UNVERIFIED,Not confirmed as an emergency flood shelter; do not present as flood-safe until officially verified.
HYD-S-004,GHMC Community Hall,17.4136,78.506,,"GHMC Colony, Parsigutta / Secunderabad",,Telangana,,,UNKNOWN,UNKNOWN,Community hall,,Public local listing; facility status must be verified with GHMC,2026-10-06,PUBLIC_UNVERIFIED,Not confirmed as an emergency flood shelter; do not present as flood-safe until officially verified.
HYD-S-005,GHMC Multipurpose Community Hall,17.42,78.501,,Parsigutta / Bhoiguda,,Telangana,,,UNKNOWN,UNKNOWN,Community hall,,Public local listing; facility status must be verified with GHMC,2026-10-06,PUBLIC_UNVERIFIED,Not confirmed as an emergency flood shelter; do not present as flood-safe until officially verified.
HYD-S-006,GHMC Community Hall,17.4047,78.559,,"Vijayapuri Colony, Uppal",,Telangana,,,UNKNOWN,UNKNOWN,Community hall,,Public local listing; facility status must be verified with GHMC,2026-10-06,PUBLIC_UNVERIFIED,Not confirmed as an emergency flood shelter; do not present as flood-safe until officially verified.
HYD-S-007,GHMC Community Hall,17.399,78.415,,Toli Chowki,,Telangana,,,UNKNOWN,UNKNOWN,Community hall,,Public local listing; facility status must be verified with GHMC,2026-10-06,PUBLIC_UNVERIFIED,Not confirmed as an emergency flood shelter; do not present as flood-safe until officially verified.
HYD-S-008,GHMC Community Hall,17.416,78.501,,Kavadiguda,,Telangana,,,UNKNOWN,UNKNOWN,Community hall,,Public local listing; facility status must be verified with GHMC,2026-10-06,PUBLIC_UNVERIFIED,Not confirmed as an emergency flood shelter; do not present as flood-safe until officially verified.
HYD-S-009,GHMC Community Hall,17.432,78.529,,"Vijayapuri Colony, Mettuguda",,Telangana,,,UNKNOWN,UNKNOWN,Community hall,,Public local listing; facility status must be verified with GHMC,2026-10-06,PUBLIC_UNVERIFIED,Not confirmed as an emergency flood shelter; do not present as flood-safe until officially verified.
HYD-S-010,GHMC Community Hall,17.468,78.444,,Balanagar / Raju Colony,,Telangana,,,UNKNOWN,UNKNOWN,Community hall,,Public local listing; facility status must be verified with GHMC,2026-10-06,PUBLIC_UNVERIFIED,Not confirmed as an emergency flood shelter; do not present as flood-safe until officially verified.
HYD-S-011,GHMC Community Hall,17.495,78.383,,Allwyn Colony / Kukatpally,,Telangana,,,UNKNOWN,UNKNOWN,Community hall,,Public local listing; facility status must be verified with GHMC,2026-10-06,PUBLIC_UNVERIFIED,Not confirmed as an emergency flood shelter; do not present as flood-safe until officially verified.
